{"_runtime":269384.228623211,"video_loss":0.1808120757341385,"_wandb":{"runtime":269384},"proprio_loss":1.0040569305419922,"train_loss":2.203677177429199,"_timestamp":1.7700267338264213e+09,"_step":3328,"action_loss":1.018808126449585,"lr":0.0001}