{"_step":51,"train_loss":2.4323623180389404,"_runtime":3711.241245496,"_wandb":{"runtime":3711},"lr":0.0001,"action_loss":1.1352331638336182,"proprio_loss":1.081461787223816,"_timestamp":1.7697572432946594e+09}