{"proprio_loss":1.1337312459945679,"_wandb":{"runtime":578},"video_loss":0.2236926108598709,"_step":7,"_timestamp":1.770028323800785e+09,"_runtime":578.435404732,"lr":0.0001,"action_loss":0.9152536988258362,"train_loss":2.272677421569824}